pinId,x,y
R1,6.136286,5.525337
R2,8.744416,5.499414
R3,12.448998,4.948626
R4,15.802387,4.987387
R5,28.965874,10.063169
